{
	"partitions" : [
		{
			"name" : "Top",
			"pins" : [
				{
					"name" : "PS2_CLK_out",
					"strict" : false
				},
				{
					"name" : "PS2_DAT_out",
					"strict" : false
				},
				{
					"name" : "oData[0]",
					"strict" : false
				},
				{
					"name" : "oData[1]",
					"strict" : false
				},
				{
					"name" : "oData[2]",
					"strict" : false
				},
				{
					"name" : "oData[3]",
					"strict" : false
				},
				{
					"name" : "oData[4]",
					"strict" : false
				},
				{
					"name" : "oData[5]",
					"strict" : false
				},
				{
					"name" : "oData[6]",
					"strict" : false
				},
				{
					"name" : "oData[7]",
					"strict" : false
				},
				{
					"name" : "overflow",
					"strict" : false
				},
				{
					"name" : "flag",
					"strict" : false
				},
				{
					"name" : "nedge",
					"strict" : false
				},
				{
					"name" : "break_code",
					"strict" : false
				},
				{
					"name" : "finish",
					"strict" : false
				},
				{
					"name" : "HEX0[0]",
					"strict" : false
				},
				{
					"name" : "HEX0[1]",
					"strict" : false
				},
				{
					"name" : "HEX0[2]",
					"strict" : false
				},
				{
					"name" : "HEX0[3]",
					"strict" : false
				},
				{
					"name" : "HEX0[4]",
					"strict" : false
				},
				{
					"name" : "HEX0[5]",
					"strict" : false
				},
				{
					"name" : "HEX0[6]",
					"strict" : false
				},
				{
					"name" : "PS2_CLK",
					"strict" : false
				},
				{
					"name" : "PS2_DAT",
					"strict" : false
				},
				{
					"name" : "clk",
					"strict" : false
				},
				{
					"name" : "rstn",
					"strict" : false
				}
			]
		}
	]
}